<?xml version="1.0" encoding="utf-8" ?>
<dwsync>
<file name="carrinho.gif" server="ftp.sofilosofia.com.br//public_html/" local="128715869094544575" remote="128715982800000000" />
<file name="comprar.gif" server="ftp.sofilosofia.com.br//public_html/" local="128715869094876585" remote="128715982800000000" />
<file name="detalhes.gif" server="ftp.sofilosofia.com.br//public_html/" local="128715869095071885" remote="128715982800000000" />
<file name="fechar.gif" server="ftp.sofilosofia.com.br//public_html/" local="128715869095364835" remote="128715982800000000" />
<file name="home.gif" server="ftp.sofilosofia.com.br//public_html/" local="128715869095560135" remote="128715982800000000" />
<file name="item.gif" server="ftp.sofilosofia.com.br//public_html/" local="128715869095745670" remote="128715982800000000" />
<file name="limpar.gif" server="ftp.sofilosofia.com.br//public_html/" local="128715869096058150" remote="128715982800000000" />
<file name="loja.gif" server="ftp.sofilosofia.com.br//public_html/" local="128715869096253450" remote="128715982800000000" />
<file name="voltar.gif" server="ftp.sofilosofia.com.br//public_html/" local="128715869096546400" remote="128715982800000000" />
<file name="carrinho.gif" server="ftp.soturismo.com.br//public_html/siteNutricao/" local="128715905100000000" remote="130120717200000000" />
<file name="comprar.gif" server="ftp.soturismo.com.br//public_html/siteNutricao/" local="128715905100000000" remote="130120717200000000" />
<file name="detalhes.gif" server="ftp.soturismo.com.br//public_html/siteNutricao/" local="128715905100000000" remote="130120717200000000" />
<file name="fechar.gif" server="ftp.soturismo.com.br//public_html/siteNutricao/" local="128715905100000000" remote="130120717200000000" />
<file name="home.gif" server="ftp.soturismo.com.br//public_html/siteNutricao/" local="128715905100000000" remote="130120717200000000" />
<file name="item.gif" server="ftp.soturismo.com.br//public_html/siteNutricao/" local="128715905100000000" remote="130120717200000000" />
<file name="limpar.gif" server="ftp.soturismo.com.br//public_html/siteNutricao/" local="128715905100000000" remote="130120717200000000" />
<file name="loja.gif" server="ftp.soturismo.com.br//public_html/siteNutricao/" local="128715905100000000" remote="130120717200000000" />
<file name="voltar.gif" server="ftp.soturismo.com.br//public_html/siteNutricao/" local="128715905100000000" remote="130120717200000000" />
</dwsync>