<?xml version="1.0" encoding="utf-8" ?>
<dwsync>
<file name="acceptpagebreak.htm" server="ftp.niederauer.hospedagemdesites.ws/public_html/" local="131369192576002672" remote="131369192400000000" Dst="1" />
<file name="addpage.htm" server="ftp.niederauer.hospedagemdesites.ws/public_html/" local="131369192576222819" remote="131369192400000000" Dst="1" />
<file name="addlink.htm" server="ftp.niederauer.hospedagemdesites.ws/public_html/" local="131369192576152772" remote="131369192400000000" Dst="1" />
<file name="aliasnbpages.htm" server="ftp.niederauer.hospedagemdesites.ws/public_html/" local="131369192576302875" remote="131369192400000000" Dst="1" />
<file name="addfont.htm" server="ftp.niederauer.hospedagemdesites.ws/public_html/" local="131369192576082722" remote="131369192400000000" Dst="1" />
<file name="cell.htm" server="ftp.niederauer.hospedagemdesites.ws/public_html/" local="131369192576372916" remote="131369192400000000" Dst="1" />
<file name="close.htm" server="ftp.niederauer.hospedagemdesites.ws/public_html/" local="131369192576442969" remote="131369192400000000" Dst="1" />
<file name="error.htm" server="ftp.niederauer.hospedagemdesites.ws/public_html/" local="131369192576513009" remote="131369192400000000" Dst="1" />
<file name="footer.htm" server="ftp.niederauer.hospedagemdesites.ws/public_html/" local="131369192576593063" remote="131369192400000000" Dst="1" />
<file name="getpageheight.htm" server="ftp.niederauer.hospedagemdesites.ws/public_html/" local="131369192576673122" remote="131369192400000000" Dst="1" />
<file name="getpagewidth.htm" server="ftp.niederauer.hospedagemdesites.ws/public_html/" local="131369192576733159" remote="131369192400000000" Dst="1" />
<file name="getstringwidth.htm" server="ftp.niederauer.hospedagemdesites.ws/public_html/" local="131369192576793199" remote="131369192400000000" Dst="1" />
<file name="getx.htm" server="ftp.niederauer.hospedagemdesites.ws/public_html/" local="131369192576853242" remote="131369192400000000" Dst="1" />
<file name="gety.htm" server="ftp.niederauer.hospedagemdesites.ws/public_html/" local="131369192576913282" remote="131369192400000000" Dst="1" />
<file name="header.htm" server="ftp.niederauer.hospedagemdesites.ws/public_html/" local="131369192576973322" remote="131369192400000000" Dst="1" />
<file name="image.htm" server="ftp.niederauer.hospedagemdesites.ws/public_html/" local="131369192577033362" remote="131369192400000000" Dst="1" />
<file name="index.htm" server="ftp.niederauer.hospedagemdesites.ws/public_html/" local="131369192577103409" remote="131369192400000000" Dst="1" />
<file name="line.htm" server="ftp.niederauer.hospedagemdesites.ws/public_html/" local="131369192577163449" remote="131369192400000000" Dst="1" />
<file name="link.htm" server="ftp.niederauer.hospedagemdesites.ws/public_html/" local="131369192577223486" remote="131369192400000000" Dst="1" />
<file name="ln.htm" server="ftp.niederauer.hospedagemdesites.ws/public_html/" local="131369192577283526" remote="131369192400000000" Dst="1" />
<file name="multicell.htm" server="ftp.niederauer.hospedagemdesites.ws/public_html/" local="131369192577343566" remote="131369192400000000" Dst="1" />
<file name="output.htm" server="ftp.niederauer.hospedagemdesites.ws/public_html/" local="131369192577403609" remote="131369192400000000" Dst="1" />
<file name="pageno.htm" server="ftp.niederauer.hospedagemdesites.ws/public_html/" local="131369192577463646" remote="131369193000000000" Dst="1" />
<file name="rect.htm" server="ftp.niederauer.hospedagemdesites.ws/public_html/" local="131369192577523704" remote="131369193000000000" Dst="1" />
<file name="setauthor.htm" server="ftp.niederauer.hospedagemdesites.ws/public_html/" local="131369192577583726" remote="131369193000000000" Dst="1" />
<file name="setautopagebreak.htm" server="ftp.niederauer.hospedagemdesites.ws/public_html/" local="131369192577643775" remote="131369193000000000" Dst="1" />
<file name="setcompression.htm" server="ftp.niederauer.hospedagemdesites.ws/public_html/" local="131369192577703806" remote="131369193000000000" Dst="1" />
<file name="setcreator.htm" server="ftp.niederauer.hospedagemdesites.ws/public_html/" local="131369192577773853" remote="131369193000000000" Dst="1" />
<file name="setdisplaymode.htm" server="ftp.niederauer.hospedagemdesites.ws/public_html/" local="131369192577833893" remote="131369193000000000" Dst="1" />
<file name="setdrawcolor.htm" server="ftp.niederauer.hospedagemdesites.ws/public_html/" local="131369192577893933" remote="131369193000000000" Dst="1" />
<file name="setfillcolor.htm" server="ftp.niederauer.hospedagemdesites.ws/public_html/" local="131369192577953973" remote="131369193000000000" Dst="1" />
<file name="setfont.htm" server="ftp.niederauer.hospedagemdesites.ws/public_html/" local="131369192578014013" remote="131369193000000000" Dst="1" />
<file name="setfontsize.htm" server="ftp.niederauer.hospedagemdesites.ws/public_html/" local="131369192578074053" remote="131369193000000000" Dst="1" />
<file name="setkeywords.htm" server="ftp.niederauer.hospedagemdesites.ws/public_html/" local="131369192578134093" remote="131369193000000000" Dst="1" />
<file name="setleftmargin.htm" server="ftp.niederauer.hospedagemdesites.ws/public_html/" local="131369192578194134" remote="131369193000000000" Dst="1" />
<file name="setlinewidth.htm" server="ftp.niederauer.hospedagemdesites.ws/public_html/" local="131369192578254177" remote="131369193000000000" Dst="1" />
<file name="setlink.htm" server="ftp.niederauer.hospedagemdesites.ws/public_html/" local="131369192578314217" remote="131369193000000000" Dst="1" />
<file name="setmargins.htm" server="ftp.niederauer.hospedagemdesites.ws/public_html/" local="131369192578484327" remote="131369193000000000" Dst="1" />
<file name="setrightmargin.htm" server="ftp.niederauer.hospedagemdesites.ws/public_html/" local="131369192578554377" remote="131369193000000000" Dst="1" />
<file name="setsubject.htm" server="ftp.niederauer.hospedagemdesites.ws/public_html/" local="131369192578614420" remote="131369193000000000" Dst="1" />
<file name="settextcolor.htm" server="ftp.niederauer.hospedagemdesites.ws/public_html/" local="131369192578684461" remote="131369193000000000" Dst="1" />
<file name="settitle.htm" server="ftp.niederauer.hospedagemdesites.ws/public_html/" local="131369192578744501" remote="131369193000000000" Dst="1" />
<file name="settopmargin.htm" server="ftp.niederauer.hospedagemdesites.ws/public_html/" local="131369192578804541" remote="131369193000000000" Dst="1" />
<file name="setx.htm" server="ftp.niederauer.hospedagemdesites.ws/public_html/" local="131369192578864581" remote="131369193000000000" Dst="1" />
<file name="setxy.htm" server="ftp.niederauer.hospedagemdesites.ws/public_html/" local="131369192578924621" remote="131369193000000000" Dst="1" />
<file name="sety.htm" server="ftp.niederauer.hospedagemdesites.ws/public_html/" local="131369192578984661" remote="131369193000000000" Dst="1" />
<file name="text.htm" server="ftp.niederauer.hospedagemdesites.ws/public_html/" local="131369192579044701" remote="131369193000000000" Dst="1" />
<file name="write.htm" server="ftp.niederauer.hospedagemdesites.ws/public_html/" local="131369192579104741" remote="131369193000000000" Dst="1" />
<file name="__construct.htm" server="ftp.niederauer.hospedagemdesites.ws/public_html/" local="131369192579164781" remote="131369193000000000" Dst="1" />
</dwsync>