<?xml version="1.0" encoding="utf-8" ?>
<dwsync>
<file name="conecta_banco.inc" server="ftp.soturismo.com.br//public_html/siteNutricao/" local="130137266284511077" remote="130137265800000000" Dst="-1" />
<file name="config_grafico.inc" server="ftp.soturismo.com.br//public_html/siteNutricao/" local="127096907400000000" remote="130124290800000000" Dst="-1" />
<file name="create.sql" server="ftp.soturismo.com.br//public_html/siteNutricao/" local="127095759000000000" remote="130124290800000000" Dst="-1" />
<file name="elimina.php" server="ftp.soturismo.com.br//public_html/siteNutricao/" local="128503390800000000" remote="130124290800000000" Dst="-1" />
<file name="email.gif" server="ftp.soturismo.com.br//public_html/siteNutricao/" local="127099467600000000" remote="130124290800000000" Dst="-1" />
<file name="excluir.php" server="ftp.soturismo.com.br//public_html/siteNutricao/" local="130138052526758585" remote="130138052400000000" Dst="-1" />
<file name="gera_email.php" server="ftp.soturismo.com.br//public_html/siteNutricao/" local="130137942975391415" remote="130137942600000000" Dst="-1" />
<file name="gera_grafico.php" server="ftp.soturismo.com.br//public_html/siteNutricao/" local="130137314513749736" remote="130137314400000000" Dst="-1" />
<file name="gera_pdf.php" server="ftp.soturismo.com.br//public_html/siteNutricao/" local="130137933330881750" remote="130137933000000000" Dst="-1" />
<file name="grafico.gif" server="ftp.soturismo.com.br//public_html/siteNutricao/" local="127096913400000000" remote="130124290800000000" Dst="-1" />
<file name="gravar.php" server="ftp.soturismo.com.br//public_html/siteNutricao/" local="128503390800000000" remote="130124290800000000" Dst="-1" />
<file name="incluir.php" server="ftp.soturismo.com.br//public_html/siteNutricao/" local="128503390800000000" remote="130124290800000000" Dst="-1" />
<file name="index.php" server="ftp.soturismo.com.br//public_html/siteNutricao/" local="128503390800000000" remote="130124290800000000" Dst="-1" />
<file name="login.php" server="ftp.soturismo.com.br//public_html/siteNutricao/" local="128503390800000000" remote="130124290800000000" Dst="-1" />
<file name="logout.php" server="ftp.soturismo.com.br//public_html/siteNutricao/" local="128503390800000000" remote="130124290800000000" Dst="-1" />
<file name="pdf.gif" server="ftp.soturismo.com.br//public_html/siteNutricao/" local="127099380600000000" remote="130124290800000000" Dst="-1" />
<file name="periodo.php" server="ftp.soturismo.com.br//public_html/siteNutricao/" local="128503390820000000" remote="130124290800000000" Dst="-1" />
<file name="planilha.php" server="ftp.soturismo.com.br//public_html/siteNutricao/" local="130137931049435975" remote="130137930600000000" Dst="-1" />
<file name="principal.php" server="ftp.soturismo.com.br//public_html/siteNutricao/" local="128503390800000000" remote="130124290800000000" Dst="-1" />
<file name="valida_cookies.inc" server="ftp.soturismo.com.br//public_html/siteNutricao/" local="128503383980000000" remote="130124290800000000" Dst="-1" />
<file name="conecta_banco.inc" server="ftp.niederauer.hospedagemdesites.ws/public_html/" local="131371788752000262" remote="131371886400000000" Dst="1" />
<file name="config_grafico.inc" server="ftp.niederauer.hospedagemdesites.ws/public_html/" local="127096907400000000" remote="131371886400000000" Dst="1" />
<file name="create.sql" server="ftp.niederauer.hospedagemdesites.ws/public_html/" local="127095759000000000" remote="131371886400000000" Dst="1" />
<file name="elimina.php" server="ftp.niederauer.hospedagemdesites.ws/public_html/" local="131371885436486605" remote="131371886400000000" Dst="1" />
<file name="email.gif" server="ftp.niederauer.hospedagemdesites.ws/public_html/" local="127099467600000000" remote="131371886400000000" Dst="1" />
<file name="excluir.php" server="ftp.niederauer.hospedagemdesites.ws/public_html/" local="131371909881581107" remote="131371909800000000" Dst="1" />
<file name="gera_email.php" server="ftp.niederauer.hospedagemdesites.ws/public_html/" local="131371908210941299" remote="131371908000000000" Dst="1" />
<file name="gera_grafico.php" server="ftp.niederauer.hospedagemdesites.ws/public_html/" local="131371906100007608" remote="131371905600000000" Dst="1" />
<file name="gera_pdf.php" server="ftp.niederauer.hospedagemdesites.ws/public_html/" local="131371919997648735" remote="131371920000000000" Dst="1" />
<file name="grafico.gif" server="ftp.niederauer.hospedagemdesites.ws/public_html/" local="127096913400000000" remote="131371886400000000" Dst="1" />
<file name="gravar.php" server="ftp.niederauer.hospedagemdesites.ws/public_html/" local="131371885771855308" remote="131371886400000000" Dst="1" />
<file name="incluir.php" server="ftp.niederauer.hospedagemdesites.ws/public_html/" local="131371910768029224" remote="131371910400000000" Dst="1" />
<file name="index.php" server="ftp.niederauer.hospedagemdesites.ws/public_html/" local="131371123693192019" remote="131371886400000000" Dst="1" />
<file name="login.php" server="ftp.niederauer.hospedagemdesites.ws/public_html/" local="131371881081631424" remote="131371886400000000" Dst="1" />
<file name="logout.php" server="ftp.niederauer.hospedagemdesites.ws/public_html/" local="128503390800000000" remote="131371886400000000" Dst="1" />
<file name="pdf.gif" server="ftp.niederauer.hospedagemdesites.ws/public_html/" local="127099380600000000" remote="131371886400000000" Dst="1" />
<file name="periodo.php" server="ftp.niederauer.hospedagemdesites.ws/public_html/" local="131371139997146146" remote="131371886400000000" Dst="1" />
<file name="planilha.php" server="ftp.niederauer.hospedagemdesites.ws/public_html/" local="131371904907364427" remote="131371904400000000" Dst="1" />
<file name="principal.php" server="ftp.niederauer.hospedagemdesites.ws/public_html/" local="131371135214243839" remote="131371886400000000" Dst="1" />
<file name="valida_cookies.inc" server="ftp.niederauer.hospedagemdesites.ws/public_html/" local="131371881079231368" remote="131371886400000000" Dst="1" />
</dwsync>