<?xml version="1.0" encoding="utf-8" ?>
<dwsync>
<file name="album_fotos.php" server="ftp.soturismo.com.br//public_html/siteNutricao/" local="127014591600000000" remote="130124290800000000" Dst="-1" />
<file name="cooler.jpg" server="ftp.soturismo.com.br//public_html/siteNutricao/" local="126231616800000000" remote="130124290800000000" Dst="-1" />
<file name="cooler_mini.jpg" server="ftp.soturismo.com.br//public_html/siteNutricao/" local="127022370000000000" remote="130124290800000000" Dst="-1" />
<file name="gremio.jpg" server="ftp.soturismo.com.br//public_html/siteNutricao/" local="126231226200000000" remote="130124290800000000" Dst="-1" />
<file name="gremio_mini.jpg" server="ftp.soturismo.com.br//public_html/siteNutricao/" local="128491982380000000" remote="130124290800000000" Dst="-1" />
<file name="guias.jpg" server="ftp.soturismo.com.br//public_html/siteNutricao/" local="126939517800000000" remote="130124290800000000" Dst="-1" />
<file name="guias_mini.jpg" server="ftp.soturismo.com.br//public_html/siteNutricao/" local="127022370000000000" remote="130124290800000000" Dst="-1" />
<file name="album_fotos.php" server="ftp.niederauer.hospedagemdesites.ws/public_html/" local="131364182370610635" remote="131364182400000000" Dst="1" />
<file name="cooler_mini.jpg" server="ftp.niederauer.hospedagemdesites.ws/public_html/" local="127022370000000000" remote="131353627800000000" Dst="1" />
<file name="cooler.jpg" server="ftp.niederauer.hospedagemdesites.ws/public_html/" local="126231580800000000" remote="131353627800000000" Dst="1" />
<file name="gremio_mini.jpg" server="ftp.niederauer.hospedagemdesites.ws/public_html/" local="128491982380000000" remote="131353627800000000" Dst="1" />
<file name="gremio.jpg" server="ftp.niederauer.hospedagemdesites.ws/public_html/" local="126231190200000000" remote="131353627800000000" Dst="1" />
<file name="guias_mini.jpg" server="ftp.niederauer.hospedagemdesites.ws/public_html/" local="127022370000000000" remote="131353627800000000" Dst="1" />
<file name="guias.jpg" server="ftp.niederauer.hospedagemdesites.ws/public_html/" local="126939517800000000" remote="131353627800000000" Dst="1" />
</dwsync>