<?xml version="1.0" encoding="utf-8" ?>
<dwsync>
<file name="cadastraPedido.php" server="ftp.sofilosofia.com.br//public_html/" local="128715869087650485" remote="128715982200000000" />
<file name="calculaFrete.php" server="ftp.sofilosofia.com.br//public_html/" local="128715869087845785" remote="128715982200000000" />
<file name="carrinho.php" server="ftp.sofilosofia.com.br//public_html/" local="128715869088031320" remote="128715982200000000" />
<file name="conecta.php" server="ftp.sofilosofia.com.br//public_html/" local="128715869088207090" remote="128715982200000000" />
<file name="limpaCarrinho.php" server="ftp.sofilosofia.com.br//public_html/" local="128715869088382860" remote="128715982200000000" />
<file name="listaFretes.php" server="ftp.sofilosofia.com.br//public_html/" local="128715869088558630" remote="128715982200000000" />
<file name="listaProdutos.php" server="ftp.sofilosofia.com.br//public_html/" local="128715869088744165" remote="128715982200000000" />
<file name="loja.php" server="ftp.sofilosofia.com.br//public_html/" local="128715869088939465" remote="128715982200000000" />
<file name="mostraDetalhes.php" server="ftp.sofilosofia.com.br//public_html/" local="128715869090404215" remote="128715982800000000" />
<file name="mostraMenu.php" server="ftp.sofilosofia.com.br//public_html/" local="128715869090589750" remote="128715982800000000" />
<file name="novoUsuario.php" server="ftp.sofilosofia.com.br//public_html/" local="128715869090833875" remote="128715982800000000" />
<file name="validaUsuario.php" server="ftp.sofilosofia.com.br//public_html/" local="128715869091019410" remote="128715982800000000" />
<file name="cadastraPedido.php" server="ftp.soturismo.com.br//public_html/siteNutricao/" local="130123234550069193" remote="130123234200000000" />
<file name="calculaFrete.php" server="ftp.soturismo.com.br//public_html/siteNutricao/" local="130120882734982238" remote="130120882200000000" />
<file name="carrinho.php" server="ftp.soturismo.com.br//public_html/siteNutricao/" local="128715905100000000" remote="130120716600000000" />
<file name="conecta.php" server="ftp.soturismo.com.br//public_html/siteNutricao/" local="130120853148018503" remote="130120852800000000" />
<file name="limpaCarrinho.php" server="ftp.soturismo.com.br//public_html/siteNutricao/" local="128715905100000000" remote="130120716600000000" />
<file name="listaFretes.php" server="ftp.soturismo.com.br//public_html/siteNutricao/" local="128715905100000000" remote="130120716600000000" />
<file name="listaProdutos.php" server="ftp.soturismo.com.br//public_html/siteNutricao/" local="130120876973075633" remote="130120876800000000" />
<file name="loja.php" server="ftp.soturismo.com.br//public_html/siteNutricao/" local="128715905100000000" remote="130120716600000000" />
<file name="mostraDetalhes.php" server="ftp.soturismo.com.br//public_html/siteNutricao/" local="128715905100000000" remote="130120716600000000" />
<file name="mostraMenu.php" server="ftp.soturismo.com.br//public_html/siteNutricao/" local="128715905100000000" remote="130120716600000000" />
<file name="novoUsuario.php" server="ftp.soturismo.com.br//public_html/siteNutricao/" local="130123232786471133" remote="130123232400000000" />
<file name="validaUsuario.php" server="ftp.soturismo.com.br//public_html/siteNutricao/" local="130123235269329798" remote="130123234800000000" />
</dwsync>