<?xml version="1.0" encoding="utf-8" ?>
<dwsync>
<file name="contagem.php" server="ftp.sofilosofia.com.br//public_html/" local="128715869080024020" remote="128715980400000000" />
<file name="hora.php" server="ftp.sofilosofia.com.br//public_html/" local="128715869080287675" remote="128715980400000000" />
<file name="voltar.html" server="ftp.sofilosofia.com.br//public_html/" local="128715869081537595" remote="128715980400000000" />
<file name="voltar.js" server="ftp.sofilosofia.com.br//public_html/" local="128715869081732895" remote="128715980400000000" />
<file name="contagem.php" server="ftp.soturismo.com.br//public_html/siteNutricao/" local="128715905100000000" remote="130120716600000000" />
<file name="hora.php" server="ftp.soturismo.com.br//public_html/siteNutricao/" local="128715905100000000" remote="130120716600000000" />
<file name="voltar.html" server="ftp.soturismo.com.br//public_html/siteNutricao/" local="128715905100000000" remote="130120716600000000" />
<file name="voltar.js" server="ftp.soturismo.com.br//public_html/siteNutricao/" local="128715905100000000" remote="130120716600000000" />
</dwsync>