<?xml version="1.0" encoding="utf-8" ?>
<dwsync>
<file name="bibliotecaAjax.js" server="ftp.sofilosofia.com.br//public_html/" local="128715869100266865" remote="128715983400000000" />
<file name="conecta.php" server="ftp.sofilosofia.com.br//public_html/" local="128715869100501225" remote="128715983400000000" />
<file name="estilos.css" server="ftp.sofilosofia.com.br//public_html/" local="128715869100745350" remote="128715983400000000" />
<file name="index.php" server="ftp.sofilosofia.com.br//public_html/" local="128715869101692555" remote="128715983400000000" />
<file name="sugestoes.js" server="ftp.sofilosofia.com.br//public_html/" local="128715869101936680" remote="128715983400000000" />
<file name="sugestoes.php" server="ftp.sofilosofia.com.br//public_html/" local="128715869102249160" remote="128715983400000000" />
<file name="tabela.sql" server="ftp.sofilosofia.com.br//public_html/" local="128715869102522580" remote="128715983400000000" />
<file name="bibliotecaAjax.js" server="ftp.soturismo.com.br//public_html/siteNutricao/" local="128715905120000000" remote="130120717200000000" />
<file name="conecta.php" server="ftp.soturismo.com.br//public_html/siteNutricao/" local="128715905120000000" remote="130120717200000000" />
<file name="estilos.css" server="ftp.soturismo.com.br//public_html/siteNutricao/" local="128715905120000000" remote="130120717200000000" />
<file name="index.php" server="ftp.soturismo.com.br//public_html/siteNutricao/" local="128715905120000000" remote="130120717200000000" />
<file name="sugestoes.js" server="ftp.soturismo.com.br//public_html/siteNutricao/" local="128715905120000000" remote="130120717200000000" />
<file name="sugestoes.php" server="ftp.soturismo.com.br//public_html/siteNutricao/" local="128715905120000000" remote="130120717200000000" />
<file name="tabela.sql" server="ftp.soturismo.com.br//public_html/siteNutricao/" local="128715905120000000" remote="130120717200000000" />
</dwsync>