<?xml version="1.0" encoding="utf-8" ?>
<dwsync>
<file name="bibliotecaAjax.js" server="ftp.sofilosofia.com.br//public_html/" local="128715869103118245" remote="128715983400000000" />
<file name="conecta.php" server="ftp.sofilosofia.com.br//public_html/" local="128715869103381900" remote="128715983400000000" />
<file name="estilos.css" server="ftp.sofilosofia.com.br//public_html/" local="128715869103616260" remote="128715983400000000" />
<file name="index.php" server="ftp.sofilosofia.com.br//public_html/" local="128715869103850620" remote="128715983400000000" />
<file name="tabela.sql" server="ftp.sofilosofia.com.br//public_html/" local="128715869104084980" remote="128715983400000000" />
<file name="tabelaDados.js" server="ftp.sofilosofia.com.br//public_html/" local="128715869104426755" remote="128715983400000000" />
<file name="tabelaDados.php" server="ftp.sofilosofia.com.br//public_html/" local="128715869104670880" remote="128715983400000000" />
<file name="bibliotecaAjax.js" server="ftp.soturismo.com.br//public_html/siteNutricao/" local="128715905120000000" remote="130120717200000000" />
<file name="conecta.php" server="ftp.soturismo.com.br//public_html/siteNutricao/" local="128715905120000000" remote="130120717200000000" />
<file name="estilos.css" server="ftp.soturismo.com.br//public_html/siteNutricao/" local="128715905120000000" remote="130120717200000000" />
<file name="index.php" server="ftp.soturismo.com.br//public_html/siteNutricao/" local="128715905120000000" remote="130120717200000000" />
<file name="tabela.sql" server="ftp.soturismo.com.br//public_html/siteNutricao/" local="128715905120000000" remote="130120717200000000" />
<file name="tabelaDados.js" server="ftp.soturismo.com.br//public_html/siteNutricao/" local="128715905120000000" remote="130120717200000000" />
<file name="tabelaDados.php" server="ftp.soturismo.com.br//public_html/siteNutricao/" local="128715905120000000" remote="130120717200000000" />
</dwsync>