<?xml version="1.0" encoding="utf-8" ?>
<dwsync>
<file name="cp1250.map" server="ftp.niederauer.hospedagemdesites.ws/public_html/" local="131369192580125422" remote="131369193000000000" Dst="1" />
<file name="cp1251.map" server="ftp.niederauer.hospedagemdesites.ws/public_html/" local="131369192580165451" remote="131369193000000000" Dst="1" />
<file name="cp1252.map" server="ftp.niederauer.hospedagemdesites.ws/public_html/" local="131369192580215485" remote="131369193000000000" Dst="1" />
<file name="cp1253.map" server="ftp.niederauer.hospedagemdesites.ws/public_html/" local="131369192580265515" remote="131369193000000000" Dst="1" />
<file name="cp1254.map" server="ftp.niederauer.hospedagemdesites.ws/public_html/" local="131369192580315548" remote="131369193000000000" Dst="1" />
<file name="cp1255.map" server="ftp.niederauer.hospedagemdesites.ws/public_html/" local="131369192580365582" remote="131369193000000000" Dst="1" />
<file name="cp1257.map" server="ftp.niederauer.hospedagemdesites.ws/public_html/" local="131369192580415618" remote="131369193000000000" Dst="1" />
<file name="cp1258.map" server="ftp.niederauer.hospedagemdesites.ws/public_html/" local="131369192580595738" remote="131369193000000000" Dst="1" />
<file name="cp874.map" server="ftp.niederauer.hospedagemdesites.ws/public_html/" local="131369192580645769" remote="131369193000000000" Dst="1" />
<file name="iso-8859-1.map" server="ftp.niederauer.hospedagemdesites.ws/public_html/" local="131369192580695802" remote="131369193000000000" Dst="1" />
<file name="iso-8859-11.map" server="ftp.niederauer.hospedagemdesites.ws/public_html/" local="131369192580745835" remote="131369193000000000" Dst="1" />
<file name="iso-8859-15.map" server="ftp.niederauer.hospedagemdesites.ws/public_html/" local="131369192580795869" remote="131369193000000000" Dst="1" />
<file name="iso-8859-16.map" server="ftp.niederauer.hospedagemdesites.ws/public_html/" local="131369192580835895" remote="131369193000000000" Dst="1" />
<file name="iso-8859-2.map" server="ftp.niederauer.hospedagemdesites.ws/public_html/" local="131369192580885929" remote="131369193000000000" Dst="1" />
<file name="iso-8859-4.map" server="ftp.niederauer.hospedagemdesites.ws/public_html/" local="131369192580935962" remote="131369193000000000" Dst="1" />
<file name="iso-8859-5.map" server="ftp.niederauer.hospedagemdesites.ws/public_html/" local="131369192580985996" remote="131369193000000000" Dst="1" />
<file name="iso-8859-7.map" server="ftp.niederauer.hospedagemdesites.ws/public_html/" local="131369192581036029" remote="131369193000000000" Dst="1" />
<file name="iso-8859-9.map" server="ftp.niederauer.hospedagemdesites.ws/public_html/" local="131369192581086062" remote="131369193000000000" Dst="1" />
<file name="koi8-r.map" server="ftp.niederauer.hospedagemdesites.ws/public_html/" local="131369192581136096" remote="131369193000000000" Dst="1" />
<file name="koi8-u.map" server="ftp.niederauer.hospedagemdesites.ws/public_html/" local="131369192581176122" remote="131369193000000000" Dst="1" />
<file name="makefont.php" server="ftp.niederauer.hospedagemdesites.ws/public_html/" local="131369192581246169" remote="131369193000000000" Dst="1" />
<file name="ttfparser.php" server="ftp.niederauer.hospedagemdesites.ws/public_html/" local="131369192581306212" remote="131369193000000000" Dst="1" />
</dwsync>