<?xml version="1.0" encoding="utf-8" ?>
<dwsync>
<file name="change_log.txt" server="ftp.soturismo.com.br//public_html/siteNutricao/" local="130027852480000000" remote="130131203400000000" Dst="-1" />
<file name="COPYING.lib" server="ftp.soturismo.com.br//public_html/siteNutricao/" local="130027851780000000" remote="130131203400000000" Dst="-1" />
<file name="SMARTY_2_BC_NOTES.txt" server="ftp.soturismo.com.br//public_html/siteNutricao/" local="130027851780000000" remote="130131204000000000" Dst="-1" />
<file name="SMARTY_3.0_BC_NOTES.txt" server="ftp.soturismo.com.br//public_html/siteNutricao/" local="130027851780000000" remote="130131204000000000" Dst="-1" />
<file name="SMARTY_3.1_NOTES.txt" server="ftp.soturismo.com.br//public_html/siteNutricao/" local="130027851780000000" remote="130131204000000000" Dst="-1" />
<file name="COPYING.lib" server="ftp.niederauer.hospedagemdesites.ws/public_html/" local="131369348431766156" remote="131369348400000000" Dst="1" />
<file name="change_log.txt" server="ftp.niederauer.hospedagemdesites.ws/public_html/" local="131369348431576116" remote="131369348400000000" Dst="1" />
<file name="SMARTY_2_BC_NOTES.txt" server="ftp.niederauer.hospedagemdesites.ws/public_html/" local="131369348432086360" remote="131369349000000000" Dst="1" />
<file name="SMARTY_3.0_BC_NOTES.txt" server="ftp.niederauer.hospedagemdesites.ws/public_html/" local="131369348432151405" remote="131369349000000000" Dst="1" />
<file name="SMARTY_3.1_NOTES.txt" server="ftp.niederauer.hospedagemdesites.ws/public_html/" local="131369348432216447" remote="131369349000000000" Dst="1" />
<file name=".gitignore" server="ftp.niederauer.hospedagemdesites.ws/public_html/" local="131369348431435929" remote="131369348400000000" Dst="1" />
<file name=".gitattributes" server="ftp.niederauer.hospedagemdesites.ws/public_html/" local="131369348431380891" remote="131369348400000000" Dst="1" />
<file name=".travis.yml" server="ftp.niederauer.hospedagemdesites.ws/public_html/" local="131369348431500980" remote="131369348400000000" Dst="1" />
<file name="composer.json" server="ftp.niederauer.hospedagemdesites.ws/public_html/" local="131369348431631055" remote="131369348400000000" Dst="1" />
<file name="COMPOSER_RELEASE_NOTES.txt" server="ftp.niederauer.hospedagemdesites.ws/public_html/" local="131369348431711114" remote="131369348400000000" Dst="1" />
<file name="INHERITANCE_RELEASE_NOTES.txt" server="ftp.niederauer.hospedagemdesites.ws/public_html/" local="131369348431836193" remote="131369348400000000" Dst="1" />
<file name="NEW_FEATURES.txt" server="ftp.niederauer.hospedagemdesites.ws/public_html/" local="131369348431901235" remote="131369349000000000" Dst="1" />
<file name="README" server="ftp.niederauer.hospedagemdesites.ws/public_html/" local="131369348431951268" remote="131369349000000000" Dst="1" />
<file name="README.md" server="ftp.niederauer.hospedagemdesites.ws/public_html/" local="131369348432006307" remote="131369349000000000" Dst="1" />
<file name="travis.ini" server="ftp.niederauer.hospedagemdesites.ws/public_html/" local="131369348432281492" remote="131369349000000000" Dst="1" />
</dwsync>