<?xml version="1.0" encoding="utf-8" ?>
<dwsync>
<file name="courier.php" server="ftp.niederauer.hospedagemdesites.ws/public_html/" local="131369192579244834" remote="131369193000000000" Dst="1" />
<file name="courierb.php" server="ftp.niederauer.hospedagemdesites.ws/public_html/" local="131369192579304874" remote="131369193000000000" Dst="1" />
<file name="courierbi.php" server="ftp.niederauer.hospedagemdesites.ws/public_html/" local="131369192579364914" remote="131369193000000000" Dst="1" />
<file name="courieri.php" server="ftp.niederauer.hospedagemdesites.ws/public_html/" local="131369192579424954" remote="131369193000000000" Dst="1" />
<file name="helvetica.php" server="ftp.niederauer.hospedagemdesites.ws/public_html/" local="131369192579495001" remote="131369193000000000" Dst="1" />
<file name="helveticab.php" server="ftp.niederauer.hospedagemdesites.ws/public_html/" local="131369192579555041" remote="131369193000000000" Dst="1" />
<file name="helveticabi.php" server="ftp.niederauer.hospedagemdesites.ws/public_html/" local="131369192579615081" remote="131369193000000000" Dst="1" />
<file name="helveticai.php" server="ftp.niederauer.hospedagemdesites.ws/public_html/" local="131369192579675121" remote="131369193000000000" Dst="1" />
<file name="symbol.php" server="ftp.niederauer.hospedagemdesites.ws/public_html/" local="131369192579745168" remote="131369193000000000" Dst="1" />
<file name="times.php" server="ftp.niederauer.hospedagemdesites.ws/public_html/" local="131369192579805208" remote="131369193000000000" Dst="1" />
<file name="timesb.php" server="ftp.niederauer.hospedagemdesites.ws/public_html/" local="131369192579865248" remote="131369193000000000" Dst="1" />
<file name="timesbi.php" server="ftp.niederauer.hospedagemdesites.ws/public_html/" local="131369192579925288" remote="131369193000000000" Dst="1" />
<file name="timesi.php" server="ftp.niederauer.hospedagemdesites.ws/public_html/" local="131369192579985328" remote="131369193000000000" Dst="1" />
<file name="zapfdingbats.php" server="ftp.niederauer.hospedagemdesites.ws/public_html/" local="131369192580045368" remote="131369193000000000" Dst="1" />
</dwsync>