<?xml version="1.0" encoding="utf-8" ?>
<dwsync>
<file name="20k_c1.txt" server="ftp.niederauer.hospedagemdesites.ws/public_html/" local="131369192581386263" remote="131369193000000000" Dst="1" />
<file name="20k_c2.txt" server="ftp.niederauer.hospedagemdesites.ws/public_html/" local="131369192581446306" remote="131369193000000000" Dst="1" />
<file name="calligra.php" server="ftp.niederauer.hospedagemdesites.ws/public_html/" local="131369192581506346" remote="131369193000000000" Dst="1" />
<file name="calligra.ttf" server="ftp.niederauer.hospedagemdesites.ws/public_html/" local="131369192581576389" remote="131369193000000000" Dst="1" />
<file name="calligra.z" server="ftp.niederauer.hospedagemdesites.ws/public_html/" local="131369192581646436" remote="131369193000000000" Dst="1" />
<file name="countries.txt" server="ftp.niederauer.hospedagemdesites.ws/public_html/" local="131369192581706479" remote="131369193000000000" Dst="1" />
<file name="index.htm" server="ftp.niederauer.hospedagemdesites.ws/public_html/" local="131369192581766516" remote="131369193000000000" Dst="1" />
<file name="logo.png" server="ftp.niederauer.hospedagemdesites.ws/public_html/" local="131369192581826565" remote="131369193000000000" Dst="1" />
<file name="makefont.php" server="ftp.niederauer.hospedagemdesites.ws/public_html/" local="131369192581886605" remote="131369193000000000" Dst="1" />
<file name="tuto1.htm" server="ftp.niederauer.hospedagemdesites.ws/public_html/" local="131369192581946636" remote="131369193000000000" Dst="1" />
<file name="tuto1.php" server="ftp.niederauer.hospedagemdesites.ws/public_html/" local="131369192582016683" remote="131369193000000000" Dst="1" />
<file name="tuto2.htm" server="ftp.niederauer.hospedagemdesites.ws/public_html/" local="131369192582076723" remote="131369193000000000" Dst="1" />
<file name="tuto2.php" server="ftp.niederauer.hospedagemdesites.ws/public_html/" local="131369192582136763" remote="131369193000000000" Dst="1" />
<file name="tuto3.htm" server="ftp.niederauer.hospedagemdesites.ws/public_html/" local="131369192582196812" remote="131369193000000000" Dst="1" />
<file name="tuto4.htm" server="ftp.niederauer.hospedagemdesites.ws/public_html/" local="131369192582326899" remote="131369193000000000" Dst="1" />
<file name="tuto3.php" server="ftp.niederauer.hospedagemdesites.ws/public_html/" local="131369192582256849" remote="131369193000000000" Dst="1" />
<file name="tuto4.php" server="ftp.niederauer.hospedagemdesites.ws/public_html/" local="131369192582386930" remote="131369193000000000" Dst="1" />
<file name="tuto5.htm" server="ftp.niederauer.hospedagemdesites.ws/public_html/" local="131369192582456992" remote="131369193000000000" Dst="1" />
<file name="tuto5.php" server="ftp.niederauer.hospedagemdesites.ws/public_html/" local="131369192582517020" remote="131369193000000000" Dst="1" />
<file name="tuto6.htm" server="ftp.niederauer.hospedagemdesites.ws/public_html/" local="131369192582587063" remote="131369193000000000" Dst="1" />
<file name="tuto7.htm" server="ftp.niederauer.hospedagemdesites.ws/public_html/" local="131369192582707147" remote="131369193000000000" Dst="1" />
<file name="tuto6.php" server="ftp.niederauer.hospedagemdesites.ws/public_html/" local="131369192582647107" remote="131369193000000000" Dst="1" />
<file name="tuto7.php" server="ftp.niederauer.hospedagemdesites.ws/public_html/" local="131369192582777190" remote="131369193000000000" Dst="1" />
</dwsync>