<?xml version="1.0" encoding="utf-8" ?>
<dwsync>
<file name="bibliotecaAjax.js" server="ftp.sofilosofia.com.br//public_html/" local="128715869091292830" remote="128715982800000000" />
<file name="chat.js" server="ftp.sofilosofia.com.br//public_html/" local="128715869091468600" remote="128715982800000000" />
<file name="chat.sql" server="ftp.sofilosofia.com.br//public_html/" local="128715869091644370" remote="128715982800000000" />
<file name="chat2.js" server="ftp.sofilosofia.com.br//public_html/" local="128715869091849435" remote="128715982800000000" />
<file name="checaMsg.php" server="ftp.sofilosofia.com.br//public_html/" local="128715869092044735" remote="128715982800000000" />
<file name="checaMsg2.php" server="ftp.sofilosofia.com.br//public_html/" local="128715869092230270" remote="128715982800000000" />
<file name="conecta.php" server="ftp.sofilosofia.com.br//public_html/" local="128715869092406040" remote="128715982800000000" />
<file name="excluiMsg.php" server="ftp.sofilosofia.com.br//public_html/" local="128715869092581810" remote="128715982800000000" />
<file name="indexAtendente.php" server="ftp.sofilosofia.com.br//public_html/" local="128715869092972410" remote="128715982800000000" />
<file name="indexCliente.php" server="ftp.sofilosofia.com.br//public_html/" local="128715869093157945" remote="128715982800000000" />
<file name="logout.php" server="ftp.sofilosofia.com.br//public_html/" local="128715869093333715" remote="128715982800000000" />
<file name="novaMsg.php" server="ftp.sofilosofia.com.br//public_html/" local="128715869093509485" remote="128715982800000000" />
<file name="novaMsg2.php" server="ftp.sofilosofia.com.br//public_html/" local="128715869093695020" remote="128715982800000000" />
<file name="bibliotecaAjax.js" server="ftp.soturismo.com.br//public_html/siteNutricao/" local="128715905100000000" remote="130120717200000000" />
<file name="chat.js" server="ftp.soturismo.com.br//public_html/siteNutricao/" local="128715905100000000" remote="130120717200000000" />
<file name="chat.sql" server="ftp.soturismo.com.br//public_html/siteNutricao/" local="128715905100000000" remote="130120717200000000" />
<file name="chat2.js" server="ftp.soturismo.com.br//public_html/siteNutricao/" local="128715905100000000" remote="130120717200000000" />
<file name="checaMsg.php" server="ftp.soturismo.com.br//public_html/siteNutricao/" local="128715905100000000" remote="130120717200000000" />
<file name="checaMsg2.php" server="ftp.soturismo.com.br//public_html/siteNutricao/" local="128715905100000000" remote="130120717200000000" />
<file name="conecta.php" server="ftp.soturismo.com.br//public_html/siteNutricao/" local="128715905100000000" remote="130120717200000000" />
<file name="excluiMsg.php" server="ftp.soturismo.com.br//public_html/siteNutricao/" local="128715905100000000" remote="130120717200000000" />
<file name="indexAtendente.php" server="ftp.soturismo.com.br//public_html/siteNutricao/" local="128715905100000000" remote="130120717200000000" />
<file name="indexCliente.php" server="ftp.soturismo.com.br//public_html/siteNutricao/" local="128715905100000000" remote="130120717200000000" />
<file name="logout.php" server="ftp.soturismo.com.br//public_html/siteNutricao/" local="128715905100000000" remote="130120717200000000" />
<file name="novaMsg.php" server="ftp.soturismo.com.br//public_html/siteNutricao/" local="128715905100000000" remote="130120717200000000" />
<file name="novaMsg2.php" server="ftp.soturismo.com.br//public_html/siteNutricao/" local="128715905100000000" remote="130120717200000000" />
</dwsync>