<?xml version="1.0" encoding="utf-8" ?>
<dwsync>
<file name="carrinho.gif" server="ftp.sofilosofia.com.br//public_html/" local="128715869085082290" remote="128715982200000000" />
<file name="comprar.gif" server="ftp.sofilosofia.com.br//public_html/" local="128715869085277590" remote="128715982200000000" />
<file name="detalhes.gif" server="ftp.sofilosofia.com.br//public_html/" local="128715869085541245" remote="128715982200000000" />
<file name="fechar.gif" server="ftp.sofilosofia.com.br//public_html/" local="128715869085912315" remote="128715982200000000" />
<file name="home.gif" server="ftp.sofilosofia.com.br//public_html/" local="128715869086097850" remote="128715982200000000" />
<file name="item.gif" server="ftp.sofilosofia.com.br//public_html/" local="128715869086273620" remote="128715982200000000" />
<file name="limpar.gif" server="ftp.sofilosofia.com.br//public_html/" local="128715869086459155" remote="128715982200000000" />
<file name="loja.gif" server="ftp.sofilosofia.com.br//public_html/" local="128715869086634925" remote="128715982200000000" />
<file name="voltar.gif" server="ftp.sofilosofia.com.br//public_html/" local="128715869086810695" remote="128715982200000000" />
<file name="carrinho.gif" server="ftp.soturismo.com.br//public_html/siteNutricao/" local="128715905100000000" remote="130120716600000000" />
<file name="comprar.gif" server="ftp.soturismo.com.br//public_html/siteNutricao/" local="128715905100000000" remote="130120716600000000" />
<file name="detalhes.gif" server="ftp.soturismo.com.br//public_html/siteNutricao/" local="128715905100000000" remote="130120716600000000" />
<file name="fechar.gif" server="ftp.soturismo.com.br//public_html/siteNutricao/" local="128715905100000000" remote="130120716600000000" />
<file name="home.gif" server="ftp.soturismo.com.br//public_html/siteNutricao/" local="128715905100000000" remote="130120716600000000" />
<file name="item.gif" server="ftp.soturismo.com.br//public_html/siteNutricao/" local="128715905100000000" remote="130120716600000000" />
<file name="limpar.gif" server="ftp.soturismo.com.br//public_html/siteNutricao/" local="128715905100000000" remote="130120716600000000" />
<file name="loja.gif" server="ftp.soturismo.com.br//public_html/siteNutricao/" local="128715905100000000" remote="130120716600000000" />
<file name="voltar.gif" server="ftp.soturismo.com.br//public_html/siteNutricao/" local="128715905100000000" remote="130120716600000000" />
</dwsync>