<?xml version="1.0" encoding="utf-8" ?>
<dwsync>
<file name="smartycompilerexception.php" server="ftp.niederauer.hospedagemdesites.ws/public_html/" local="131369348431250819" remote="131369349000000000" Dst="1" />
<file name="smartyexception.php" server="ftp.niederauer.hospedagemdesites.ws/public_html/" local="131369348431315846" remote="131369349000000000" Dst="1" />
<file name="smarty_cacheresource.php" server="ftp.niederauer.hospedagemdesites.ws/public_html/" local="131369348421137625" remote="131369349000000000" Dst="1" />
<file name="smarty_cacheresource_custom.php" server="ftp.niederauer.hospedagemdesites.ws/public_html/" local="131369348421202670" remote="131369349000000000" Dst="1" />
<file name="smarty_cacheresource_keyvaluestore.php" server="ftp.niederauer.hospedagemdesites.ws/public_html/" local="131369348421272716" remote="131369349000000000" Dst="1" />
<file name="smarty_data.php" server="ftp.niederauer.hospedagemdesites.ws/public_html/" local="131369348421347753" remote="131369349000000000" Dst="1" />
<file name="smarty_internal_block.php" server="ftp.niederauer.hospedagemdesites.ws/public_html/" local="131369348421417818" remote="131369349000000000" Dst="1" />
<file name="smarty_internal_cacheresource_file.php" server="ftp.niederauer.hospedagemdesites.ws/public_html/" local="131369348421482847" remote="131369349000000000" Dst="1" />
<file name="smarty_internal_compilebase.php" server="ftp.niederauer.hospedagemdesites.ws/public_html/" local="131369348424086032" remote="131369349000000000" Dst="1" />
<file name="smarty_internal_compile_append.php" server="ftp.niederauer.hospedagemdesites.ws/public_html/" local="131369348421547901" remote="131369349000000000" Dst="1" />
<file name="smarty_internal_compile_assign.php" server="ftp.niederauer.hospedagemdesites.ws/public_html/" local="131369348421612934" remote="131369349000000000" Dst="1" />
<file name="smarty_internal_compile_block.php" server="ftp.niederauer.hospedagemdesites.ws/public_html/" local="131369348421687986" remote="131369349000000000" Dst="1" />
<file name="smarty_internal_compile_break.php" server="ftp.niederauer.hospedagemdesites.ws/public_html/" local="131369348421753031" remote="131369349000000000" Dst="1" />
<file name="smarty_internal_compile_call.php" server="ftp.niederauer.hospedagemdesites.ws/public_html/" local="131369348421818072" remote="131369349000000000" Dst="1" />
<file name="smarty_internal_compile_capture.php" server="ftp.niederauer.hospedagemdesites.ws/public_html/" local="131369348421884566" remote="131369349000000000" Dst="1" />
<file name="smarty_internal_compile_config_load.php" server="ftp.niederauer.hospedagemdesites.ws/public_html/" local="131369348421949644" remote="131369349000000000" Dst="1" />
<file name="smarty_internal_compile_continue.php" server="ftp.niederauer.hospedagemdesites.ws/public_html/" local="131369348422024657" remote="131369349000000000" Dst="1" />
<file name="smarty_internal_compile_debug.php" server="ftp.niederauer.hospedagemdesites.ws/public_html/" local="131369348422089696" remote="131369349000000000" Dst="1" />
<file name="smarty_internal_compile_eval.php" server="ftp.niederauer.hospedagemdesites.ws/public_html/" local="131369348422164753" remote="131369349000000000" Dst="1" />
<file name="smarty_internal_compile_extends.php" server="ftp.niederauer.hospedagemdesites.ws/public_html/" local="131369348422224787" remote="131369349000000000" Dst="1" />
<file name="smarty_internal_compile_for.php" server="ftp.niederauer.hospedagemdesites.ws/public_html/" local="131369348422289832" remote="131369349000000000" Dst="1" />
<file name="smarty_internal_compile_foreach.php" server="ftp.niederauer.hospedagemdesites.ws/public_html/" local="131369348422364878" remote="131369349000000000" Dst="1" />
<file name="smarty_internal_compile_function.php" server="ftp.niederauer.hospedagemdesites.ws/public_html/" local="131369348422434942" remote="131369349000000000" Dst="1" />
<file name="smarty_internal_compile_if.php" server="ftp.niederauer.hospedagemdesites.ws/public_html/" local="131369348422504980" remote="131369349000000000" Dst="1" />
<file name="smarty_internal_compile_include.php" server="ftp.niederauer.hospedagemdesites.ws/public_html/" local="131369348422570022" remote="131369349000000000" Dst="1" />
<file name="smarty_internal_compile_include_php.php" server="ftp.niederauer.hospedagemdesites.ws/public_html/" local="131369348422635058" remote="131369349000000000" Dst="1" />
<file name="smarty_internal_compile_insert.php" server="ftp.niederauer.hospedagemdesites.ws/public_html/" local="131369348422710115" remote="131369349000000000" Dst="1" />
<file name="smarty_internal_compile_ldelim.php" server="ftp.niederauer.hospedagemdesites.ws/public_html/" local="131369348422775157" remote="131369349000000000" Dst="1" />
<file name="smarty_internal_compile_make_nocache.php" server="ftp.niederauer.hospedagemdesites.ws/public_html/" local="131369348422840199" remote="131369349000000000" Dst="1" />
<file name="smarty_internal_compile_nocache.php" server="ftp.niederauer.hospedagemdesites.ws/public_html/" local="131369348422910258" remote="131369349000000000" Dst="1" />
<file name="smarty_internal_compile_private_block_plugin.php" server="ftp.niederauer.hospedagemdesites.ws/public_html/" local="131369348422985300" remote="131369349000000000" Dst="1" />
<file name="smarty_internal_compile_private_foreachsection.php" server="ftp.niederauer.hospedagemdesites.ws/public_html/" local="131369348423050339" remote="131369349000000000" Dst="1" />
<file name="smarty_internal_compile_private_function_plugin.php" server="ftp.niederauer.hospedagemdesites.ws/public_html/" local="131369348423120380" remote="131369349000000000" Dst="1" />
<file name="smarty_internal_compile_private_modifier.php" server="ftp.niederauer.hospedagemdesites.ws/public_html/" local="131369348423185425" remote="131369349000000000" Dst="1" />
<file name="smarty_internal_compile_private_object_block_function.php" server="ftp.niederauer.hospedagemdesites.ws/public_html/" local="131369348423245474" remote="131369349000000000" Dst="1" />
<file name="smarty_internal_compile_private_object_function.php" server="ftp.niederauer.hospedagemdesites.ws/public_html/" local="131369348423320516" remote="131369349000000000" Dst="1" />
<file name="smarty_internal_compile_private_php.php" server="ftp.niederauer.hospedagemdesites.ws/public_html/" local="131369348423395565" remote="131369349000000000" Dst="1" />
<file name="smarty_internal_compile_private_print_expression.php" server="ftp.niederauer.hospedagemdesites.ws/public_html/" local="131369348423460616" remote="131369349000000000" Dst="1" />
<file name="smarty_internal_compile_private_registered_block.php" server="ftp.niederauer.hospedagemdesites.ws/public_html/" local="131369348423525661" remote="131369349000000000" Dst="1" />
<file name="smarty_internal_compile_private_registered_function.php" server="ftp.niederauer.hospedagemdesites.ws/public_html/" local="131369348423595708" remote="131369349000000000" Dst="1" />
<file name="smarty_internal_compile_private_special_variable.php" server="ftp.niederauer.hospedagemdesites.ws/public_html/" local="131369348423660749" remote="131369349000000000" Dst="1" />
<file name="smarty_internal_compile_rdelim.php" server="ftp.niederauer.hospedagemdesites.ws/public_html/" local="131369348423735801" remote="131369349000000000" Dst="1" />
<file name="smarty_internal_compile_section.php" server="ftp.niederauer.hospedagemdesites.ws/public_html/" local="131369348423805845" remote="131369349000000000" Dst="1" />
<file name="smarty_internal_compile_setfilter.php" server="ftp.niederauer.hospedagemdesites.ws/public_html/" local="131369348423870890" remote="131369349000000000" Dst="1" />
<file name="smarty_internal_compile_shared_inheritance.php" server="ftp.niederauer.hospedagemdesites.ws/public_html/" local="131369348423935935" remote="131369349000000000" Dst="1" />
<file name="smarty_internal_compile_while.php" server="ftp.niederauer.hospedagemdesites.ws/public_html/" local="131369348424020990" remote="131369349000000000" Dst="1" />
<file name="smarty_internal_configfilelexer.php" server="ftp.niederauer.hospedagemdesites.ws/public_html/" local="131369348424221123" remote="131369349000000000" Dst="1" />
<file name="smarty_internal_config_file_compiler.php" server="ftp.niederauer.hospedagemdesites.ws/public_html/" local="131369348424156078" remote="131369349000000000" Dst="1" />
<file name="smarty_internal_configfileparser.php" server="ftp.niederauer.hospedagemdesites.ws/public_html/" local="131369348424291170" remote="131369349000000000" Dst="1" />
<file name="smarty_internal_data.php" server="ftp.niederauer.hospedagemdesites.ws/public_html/" local="131369348424361211" remote="131369349000000000" Dst="1" />
<file name="smarty_internal_debug.php" server="ftp.niederauer.hospedagemdesites.ws/public_html/" local="131369348424431257" remote="131369349000000000" Dst="1" />
<file name="smarty_internal_extension_clear.php" server="ftp.niederauer.hospedagemdesites.ws/public_html/" local="131369348424501298" remote="131369349000000000" Dst="1" />
<file name="smarty_internal_extension_handler.php" server="ftp.niederauer.hospedagemdesites.ws/public_html/" local="131369348424561341" remote="131369349000000000" Dst="1" />
<file name="smarty_internal_method_addautoloadfilters.php" server="ftp.niederauer.hospedagemdesites.ws/public_html/" local="131369348424626383" remote="131369349000000000" Dst="1" />
<file name="smarty_internal_method_adddefaultmodifiers.php" server="ftp.niederauer.hospedagemdesites.ws/public_html/" local="131369348424711438" remote="131369349000000000" Dst="1" />
<file name="smarty_internal_method_append.php" server="ftp.niederauer.hospedagemdesites.ws/public_html/" local="131369348424781485" remote="131369349000000000" Dst="1" />
<file name="smarty_internal_method_appendbyref.php" server="ftp.niederauer.hospedagemdesites.ws/public_html/" local="131369348424846539" remote="131369349000000000" Dst="1" />
<file name="smarty_internal_method_assignbyref.php" server="ftp.niederauer.hospedagemdesites.ws/public_html/" local="131369348424911584" remote="131369349000000000" Dst="1" />
<file name="smarty_internal_method_assignglobal.php" server="ftp.niederauer.hospedagemdesites.ws/public_html/" local="131369348424976623" remote="131369349000000000" Dst="1" />
<file name="smarty_internal_method_clearallassign.php" server="ftp.niederauer.hospedagemdesites.ws/public_html/" local="131369348425046666" remote="131369349000000000" Dst="1" />
<file name="smarty_internal_method_clearallcache.php" server="ftp.niederauer.hospedagemdesites.ws/public_html/" local="131369348425121721" remote="131369349000000000" Dst="1" />
<file name="smarty_internal_method_clearassign.php" server="ftp.niederauer.hospedagemdesites.ws/public_html/" local="131369348425186760" remote="131369349000000000" Dst="1" />
<file name="smarty_internal_method_clearcache.php" server="ftp.niederauer.hospedagemdesites.ws/public_html/" local="131369348425251802" remote="131369349000000000" Dst="1" />
<file name="smarty_internal_method_clearcompiledtemplate.php" server="ftp.niederauer.hospedagemdesites.ws/public_html/" local="131369348425316843" remote="131369349000000000" Dst="1" />
<file name="smarty_internal_method_clearconfig.php" server="ftp.niederauer.hospedagemdesites.ws/public_html/" local="131369348425391895" remote="131369349000000000" Dst="1" />
<file name="smarty_internal_method_compileallconfig.php" server="ftp.niederauer.hospedagemdesites.ws/public_html/" local="131369348425456958" remote="131369349000000000" Dst="1" />
<file name="smarty_internal_method_compilealltemplates.php" server="ftp.niederauer.hospedagemdesites.ws/public_html/" local="131369348425526996" remote="131369349000000000" Dst="1" />
<file name="smarty_internal_method_configload.php" server="ftp.niederauer.hospedagemdesites.ws/public_html/" local="131369348425587036" remote="131369349000000000" Dst="1" />
<file name="smarty_internal_method_createdata.php" server="ftp.niederauer.hospedagemdesites.ws/public_html/" local="131369348425662075" remote="131369349000000000" Dst="1" />
<file name="smarty_internal_method_getautoloadfilters.php" server="ftp.niederauer.hospedagemdesites.ws/public_html/" local="131369348425742138" remote="131369349000000000" Dst="1" />
<file name="smarty_internal_method_getconfigvars.php" server="ftp.niederauer.hospedagemdesites.ws/public_html/" local="131369348425812184" remote="131369349000000000" Dst="1" />
<file name="smarty_internal_method_getdebugtemplate.php" server="ftp.niederauer.hospedagemdesites.ws/public_html/" local="131369348425877229" remote="131369349000000000" Dst="1" />
<file name="smarty_internal_method_getdefaultmodifiers.php" server="ftp.niederauer.hospedagemdesites.ws/public_html/" local="131369348425947276" remote="131369349000000000" Dst="1" />
<file name="smarty_internal_method_getglobal.php" server="ftp.niederauer.hospedagemdesites.ws/public_html/" local="131369348426022325" remote="131369349000000000" Dst="1" />
<file name="smarty_internal_method_getregisteredobject.php" server="ftp.niederauer.hospedagemdesites.ws/public_html/" local="131369348426082365" remote="131369349000000000" Dst="1" />
<file name="smarty_internal_method_getstreamvariable.php" server="ftp.niederauer.hospedagemdesites.ws/public_html/" local="131369348426152408" remote="131369349000000000" Dst="1" />
<file name="smarty_internal_method_gettags.php" server="ftp.niederauer.hospedagemdesites.ws/public_html/" local="131369348426217447" remote="131369349000000000" Dst="1" />
<file name="smarty_internal_method_gettemplatevars.php" server="ftp.niederauer.hospedagemdesites.ws/public_html/" local="131369348426287494" remote="131369349000000000" Dst="1" />
<file name="smarty_internal_method_loadfilter.php" server="ftp.niederauer.hospedagemdesites.ws/public_html/" local="131369348426397573" remote="131369349000000000" Dst="1" />
<file name="smarty_internal_method_loadplugin.php" server="ftp.niederauer.hospedagemdesites.ws/public_html/" local="131369348426477618" remote="131369349000000000" Dst="1" />
<file name="smarty_internal_method_mustcompile.php" server="ftp.niederauer.hospedagemdesites.ws/public_html/" local="131369348426542681" remote="131369349000000000" Dst="1" />
<file name="smarty_internal_method_registercacheresource.php" server="ftp.niederauer.hospedagemdesites.ws/public_html/" local="131369348426607720" remote="131369349000000000" Dst="1" />
<file name="smarty_internal_method_registerclass.php" server="ftp.niederauer.hospedagemdesites.ws/public_html/" local="131369348426687761" remote="131369349000000000" Dst="1" />
<file name="smarty_internal_method_registerdefaultconfighandler.php" server="ftp.niederauer.hospedagemdesites.ws/public_html/" local="131369348426757814" remote="131369349000000000" Dst="1" />
<file name="smarty_internal_method_registerdefaultpluginhandler.php" server="ftp.niederauer.hospedagemdesites.ws/public_html/" local="131369348426827863" remote="131369349000000000" Dst="1" />
<file name="smarty_internal_method_registerdefaulttemplatehandler.php" server="ftp.niederauer.hospedagemdesites.ws/public_html/" local="131369348426892905" remote="131369349000000000" Dst="1" />
<file name="smarty_internal_method_registerfilter.php" server="ftp.niederauer.hospedagemdesites.ws/public_html/" local="131369348426962940" remote="131369349000000000" Dst="1" />
<file name="smarty_internal_method_registerobject.php" server="ftp.niederauer.hospedagemdesites.ws/public_html/" local="131369348427032993" remote="131369349000000000" Dst="1" />
<file name="smarty_internal_method_registerplugin.php" server="ftp.niederauer.hospedagemdesites.ws/public_html/" local="131369348427108047" remote="131369349000000000" Dst="1" />
<file name="smarty_internal_method_registerresource.php" server="ftp.niederauer.hospedagemdesites.ws/public_html/" local="131369348427178088" remote="131369349000000000" Dst="1" />
<file name="smarty_internal_method_setautoloadfilters.php" server="ftp.niederauer.hospedagemdesites.ws/public_html/" local="131369348427243139" remote="131369349000000000" Dst="1" />
<file name="smarty_internal_method_setdebugtemplate.php" server="ftp.niederauer.hospedagemdesites.ws/public_html/" local="131369348427308181" remote="131369349000000000" Dst="1" />
<file name="smarty_internal_method_setdefaultmodifiers.php" server="ftp.niederauer.hospedagemdesites.ws/public_html/" local="131369348427398244" remote="131369349000000000" Dst="1" />
<file name="smarty_internal_method_unloadfilter.php" server="ftp.niederauer.hospedagemdesites.ws/public_html/" local="131369348427468290" remote="131369349000000000" Dst="1" />
<file name="smarty_internal_method_unregistercacheresource.php" server="ftp.niederauer.hospedagemdesites.ws/public_html/" local="131369348427538337" remote="131369349000000000" Dst="1" />
<file name="smarty_internal_method_unregisterfilter.php" server="ftp.niederauer.hospedagemdesites.ws/public_html/" local="131369348427603370" remote="131369349000000000" Dst="1" />
<file name="smarty_internal_method_unregisterobject.php" server="ftp.niederauer.hospedagemdesites.ws/public_html/" local="131369348427668412" remote="131369349000000000" Dst="1" />
<file name="smarty_internal_method_unregisterplugin.php" server="ftp.niederauer.hospedagemdesites.ws/public_html/" local="131369348427743482" remote="131369349000000000" Dst="1" />
<file name="smarty_internal_method_unregisterresource.php" server="ftp.niederauer.hospedagemdesites.ws/public_html/" local="131369348427828522" remote="131369349000000000" Dst="1" />
<file name="smarty_internal_nocache_insert.php" server="ftp.niederauer.hospedagemdesites.ws/public_html/" local="131369348427893567" remote="131369349000000000" Dst="1" />
<file name="smarty_internal_parsetree.php" server="ftp.niederauer.hospedagemdesites.ws/public_html/" local="131369348427963613" remote="131369349000000000" Dst="1" />
<file name="smarty_internal_parsetree_code.php" server="ftp.niederauer.hospedagemdesites.ws/public_html/" local="131369348428038662" remote="131369349000000000" Dst="1" />
<file name="smarty_internal_parsetree_dq.php" server="ftp.niederauer.hospedagemdesites.ws/public_html/" local="131369348428103707" remote="131369349000000000" Dst="1" />
<file name="smarty_internal_parsetree_dqcontent.php" server="ftp.niederauer.hospedagemdesites.ws/public_html/" local="131369348428173759" remote="131369349000000000" Dst="1" />
<file name="smarty_internal_parsetree_tag.php" server="ftp.niederauer.hospedagemdesites.ws/public_html/" local="131369348428238801" remote="131369349000000000" Dst="1" />
<file name="smarty_internal_parsetree_template.php" server="ftp.niederauer.hospedagemdesites.ws/public_html/" local="131369348428303846" remote="131369349000000000" Dst="1" />
<file name="smarty_internal_parsetree_text.php" server="ftp.niederauer.hospedagemdesites.ws/public_html/" local="131369348428383903" remote="131369349000000000" Dst="1" />
<file name="smarty_internal_resource_eval.php" server="ftp.niederauer.hospedagemdesites.ws/public_html/" local="131369348428453943" remote="131369349000000000" Dst="1" />
<file name="smarty_internal_resource_extends.php" server="ftp.niederauer.hospedagemdesites.ws/public_html/" local="131369348428518985" remote="131369349000000000" Dst="1" />
<file name="smarty_internal_resource_file.php" server="ftp.niederauer.hospedagemdesites.ws/public_html/" local="131369348428589026" remote="131369349000000000" Dst="1" />
<file name="smarty_internal_resource_php.php" server="ftp.niederauer.hospedagemdesites.ws/public_html/" local="131369348428669082" remote="131369349000000000" Dst="1" />
<file name="smarty_internal_resource_registered.php" server="ftp.niederauer.hospedagemdesites.ws/public_html/" local="131369348428739211" remote="131369349000000000" Dst="1" />
<file name="smarty_internal_resource_stream.php" server="ftp.niederauer.hospedagemdesites.ws/public_html/" local="131369348428809176" remote="131369349000000000" Dst="1" />
<file name="smarty_internal_resource_string.php" server="ftp.niederauer.hospedagemdesites.ws/public_html/" local="131369348428874221" remote="131369349000000000" Dst="1" />
<file name="smarty_internal_runtime_cachemodify.php" server="ftp.niederauer.hospedagemdesites.ws/public_html/" local="131369348428944267" remote="131369349000000000" Dst="1" />
<file name="smarty_internal_runtime_capture.php" server="ftp.niederauer.hospedagemdesites.ws/public_html/" local="131369348429019322" remote="131369349000000000" Dst="1" />
<file name="smarty_internal_runtime_codeframe.php" server="ftp.niederauer.hospedagemdesites.ws/public_html/" local="131369348429094364" remote="131369349000000000" Dst="1" />
<file name="smarty_internal_runtime_filterhandler.php" server="ftp.niederauer.hospedagemdesites.ws/public_html/" local="131369348429164423" remote="131369349000000000" Dst="1" />
<file name="smarty_internal_runtime_foreach.php" server="ftp.niederauer.hospedagemdesites.ws/public_html/" local="131369348429229453" remote="131369349000000000" Dst="1" />
<file name="smarty_internal_runtime_getincludepath.php" server="ftp.niederauer.hospedagemdesites.ws/public_html/" local="131369348429294507" remote="131369349000000000" Dst="1" />
<file name="smarty_internal_runtime_inheritance.php" server="ftp.niederauer.hospedagemdesites.ws/public_html/" local="131369348429369550" remote="131369349000000000" Dst="1" />
<file name="smarty_internal_runtime_make_nocache.php" server="ftp.niederauer.hospedagemdesites.ws/public_html/" local="131369348429439596" remote="131369349000000000" Dst="1" />
<file name="smarty_internal_runtime_tplfunction.php" server="ftp.niederauer.hospedagemdesites.ws/public_html/" local="131369348429509643" remote="131369349000000000" Dst="1" />
<file name="smarty_internal_runtime_updatecache.php" server="ftp.niederauer.hospedagemdesites.ws/public_html/" local="131369348429574688" remote="131369349000000000" Dst="1" />
<file name="smarty_internal_runtime_updatescope.php" server="ftp.niederauer.hospedagemdesites.ws/public_html/" local="131369348429639730" remote="131369349000000000" Dst="1" />
<file name="smarty_internal_runtime_writefile.php" server="ftp.niederauer.hospedagemdesites.ws/public_html/" local="131369348429719780" remote="131369349000000000" Dst="1" />
<file name="smarty_internal_smartytemplatecompiler.php" server="ftp.niederauer.hospedagemdesites.ws/public_html/" local="131369348429789827" remote="131369349000000000" Dst="1" />
<file name="smarty_internal_template.php" server="ftp.niederauer.hospedagemdesites.ws/public_html/" local="131369348429854872" remote="131369349000000000" Dst="1" />
<file name="smarty_internal_templatebase.php" server="ftp.niederauer.hospedagemdesites.ws/public_html/" local="131369348429924918" remote="131369349000000000" Dst="1" />
<file name="smarty_internal_templatecompilerbase.php" server="ftp.niederauer.hospedagemdesites.ws/public_html/" local="131369348430004975" remote="131369349000000000" Dst="1" />
<file name="smarty_internal_templatelexer.php" server="ftp.niederauer.hospedagemdesites.ws/public_html/" local="131369348430090030" remote="131369349000000000" Dst="1" />
<file name="smarty_internal_testinstall.php" server="ftp.niederauer.hospedagemdesites.ws/public_html/" local="131369348430260144" remote="131369349000000000" Dst="1" />
<file name="smarty_internal_undefined.php" server="ftp.niederauer.hospedagemdesites.ws/public_html/" local="131369348430330190" remote="131369349000000000" Dst="1" />
<file name="smarty_internal_templateparser.php" server="ftp.niederauer.hospedagemdesites.ws/public_html/" local="131369348430185095" remote="131369349000000000" Dst="1" />
<file name="smarty_resource.php" server="ftp.niederauer.hospedagemdesites.ws/public_html/" local="131369348430405239" remote="131369349000000000" Dst="1" />
<file name="smarty_resource_custom.php" server="ftp.niederauer.hospedagemdesites.ws/public_html/" local="131369348430475282" remote="131369349000000000" Dst="1" />
<file name="smarty_resource_recompiled.php" server="ftp.niederauer.hospedagemdesites.ws/public_html/" local="131369348430545332" remote="131369349000000000" Dst="1" />
<file name="smarty_resource_uncompiled.php" server="ftp.niederauer.hospedagemdesites.ws/public_html/" local="131369348430615388" remote="131369349000000000" Dst="1" />
<file name="smarty_security.php" server="ftp.niederauer.hospedagemdesites.ws/public_html/" local="131369348430690427" remote="131369349000000000" Dst="1" />
<file name="smarty_template_cached.php" server="ftp.niederauer.hospedagemdesites.ws/public_html/" local="131369348430755469" remote="131369349000000000" Dst="1" />
<file name="smarty_template_compiled.php" server="ftp.niederauer.hospedagemdesites.ws/public_html/" local="131369348430830533" remote="131369349000000000" Dst="1" />
<file name="smarty_template_config.php" server="ftp.niederauer.hospedagemdesites.ws/public_html/" local="131369348430890573" remote="131369349000000000" Dst="1" />
<file name="smarty_template_resource_base.php" server="ftp.niederauer.hospedagemdesites.ws/public_html/" local="131369348430965631" remote="131369349000000000" Dst="1" />
<file name="smarty_template_source.php" server="ftp.niederauer.hospedagemdesites.ws/public_html/" local="131369348431040673" remote="131369349000000000" Dst="1" />
<file name="smarty_undefined_variable.php" server="ftp.niederauer.hospedagemdesites.ws/public_html/" local="131369348431105715" remote="131369349000000000" Dst="1" />
<file name="smarty_variable.php" server="ftp.niederauer.hospedagemdesites.ws/public_html/" local="131369348431185768" remote="131369349000000000" Dst="1" />
</dwsync>