<?xml version="1.0" encoding="utf-8" ?>
<dwsync>
<file name="bibliotecaAjax.js" server="ftp.sofilosofia.com.br//public_html/" local="128715869106946125" remote="128715983400000000" />
<file name="conecta.php" server="ftp.sofilosofia.com.br//public_html/" local="128715869107180485" remote="128715983400000000" />
<file name="estilos.css" server="ftp.sofilosofia.com.br//public_html/" local="128715869107444140" remote="128715983400000000" />
<file name="index.php" server="ftp.sofilosofia.com.br//public_html/" local="128715869107707795" remote="128715983400000000" />
<file name="tabela.sql" server="ftp.sofilosofia.com.br//public_html/" local="128715869107990980" remote="128715983400000000" />
<file name="tabelaDados.js" server="ftp.sofilosofia.com.br//public_html/" local="128715869108215575" remote="128715983400000000" />
<file name="tabelaDados.php" server="ftp.sofilosofia.com.br//public_html/" local="128715869108401110" remote="128715983400000000" />
<file name="bibliotecaAjax.js" server="ftp.soturismo.com.br//public_html/siteNutricao/" local="128715905120000000" remote="130120717200000000" />
<file name="conecta.php" server="ftp.soturismo.com.br//public_html/siteNutricao/" local="130123290816770628" remote="130123290600000000" />
<file name="estilos.css" server="ftp.soturismo.com.br//public_html/siteNutricao/" local="128715905120000000" remote="130120717200000000" />
<file name="index.php" server="ftp.soturismo.com.br//public_html/siteNutricao/" local="128715905120000000" remote="130120717200000000" />
<file name="tabela.sql" server="ftp.soturismo.com.br//public_html/siteNutricao/" local="128715905120000000" remote="130120717200000000" />
<file name="tabelaDados.js" server="ftp.soturismo.com.br//public_html/siteNutricao/" local="128715905120000000" remote="130120717200000000" />
<file name="tabelaDados.php" server="ftp.soturismo.com.br//public_html/siteNutricao/" local="130123293965778063" remote="130123293600000000" />
</dwsync>