<?xml version="1.0" encoding="utf-8" ?>
<dwsync>
<file name="cadastraPedido.php" server="ftp.sofilosofia.com.br//public_html/" local="128715869097640080" remote="128715982800000000" />
<file name="calculaFrete.php" server="ftp.sofilosofia.com.br//public_html/" local="128715869097835380" remote="128715982800000000" />
<file name="carrinho.php" server="ftp.sofilosofia.com.br//public_html/" local="128715869098030680" remote="128715982800000000" />
<file name="conecta.php" server="ftp.sofilosofia.com.br//public_html/" local="128715869098206450" remote="128715982800000000" />
<file name="limpaCarrinho.php" server="ftp.sofilosofia.com.br//public_html/" local="128715869098382220" remote="128715982800000000" />
<file name="listaFretes.php" server="ftp.sofilosofia.com.br//public_html/" local="128715869098567755" remote="128715982800000000" />
<file name="listaProdutos.php" server="ftp.sofilosofia.com.br//public_html/" local="128715869098753290" remote="128715982800000000" />
<file name="loja.php" server="ftp.sofilosofia.com.br//public_html/" local="128715869098987650" remote="128715983400000000" />
<file name="mostraDetalhes.php" server="ftp.sofilosofia.com.br//public_html/" local="128715869099222010" remote="128715983400000000" />
<file name="mostraMenu.php" server="ftp.sofilosofia.com.br//public_html/" local="128715869099466135" remote="128715983400000000" />
<file name="novoUsuario.php" server="ftp.sofilosofia.com.br//public_html/" local="128715869099700495" remote="128715983400000000" />
<file name="validaUsuario.php" server="ftp.sofilosofia.com.br//public_html/" local="128715869099954385" remote="128715983400000000" />
<file name="cadastraPedido.php" server="ftp.soturismo.com.br//public_html/siteNutricao/" local="128715905100000000" remote="130120717200000000" />
<file name="calculaFrete.php" server="ftp.soturismo.com.br//public_html/siteNutricao/" local="128715905100000000" remote="130120717200000000" />
<file name="carrinho.php" server="ftp.soturismo.com.br//public_html/siteNutricao/" local="128715905100000000" remote="130120717200000000" />
<file name="conecta.php" server="ftp.soturismo.com.br//public_html/siteNutricao/" local="128715905100000000" remote="130120717200000000" />
<file name="limpaCarrinho.php" server="ftp.soturismo.com.br//public_html/siteNutricao/" local="128715905100000000" remote="130120717200000000" />
<file name="listaFretes.php" server="ftp.soturismo.com.br//public_html/siteNutricao/" local="128715905100000000" remote="130120717200000000" />
<file name="listaProdutos.php" server="ftp.soturismo.com.br//public_html/siteNutricao/" local="128715905100000000" remote="130120717200000000" />
<file name="loja.php" server="ftp.soturismo.com.br//public_html/siteNutricao/" local="128715905100000000" remote="130120717200000000" />
<file name="mostraDetalhes.php" server="ftp.soturismo.com.br//public_html/siteNutricao/" local="128715905100000000" remote="130120717200000000" />
<file name="mostraMenu.php" server="ftp.soturismo.com.br//public_html/siteNutricao/" local="128715905100000000" remote="130120717200000000" />
<file name="novoUsuario.php" server="ftp.soturismo.com.br//public_html/siteNutricao/" local="128715905100000000" remote="130120717200000000" />
<file name="validaUsuario.php" server="ftp.soturismo.com.br//public_html/siteNutricao/" local="128715905100000000" remote="130120717200000000" />
</dwsync>