<?xml version="1.0" encoding="utf-8" ?>
<dwsync>
<file name="bibliotecaAjax.js" server="ftp.sofilosofia.com.br//public_html/" local="128715869082006315" remote="128715980400000000" />
<file name="chat.js" server="ftp.sofilosofia.com.br//public_html/" local="128715869082191850" remote="128715980400000000" />
<file name="chat.sql" server="ftp.sofilosofia.com.br//public_html/" local="128715869082377385" remote="128715980400000000" />
<file name="chat2.js" server="ftp.sofilosofia.com.br//public_html/" local="128715869082553155" remote="128715980400000000" />
<file name="checaMsg.php" server="ftp.sofilosofia.com.br//public_html/" local="128715869082728925" remote="128715980400000000" />
<file name="checaMsg2.php" server="ftp.sofilosofia.com.br//public_html/" local="128715869082914460" remote="128715980400000000" />
<file name="conecta.php" server="ftp.sofilosofia.com.br//public_html/" local="128715869083080465" remote="128715980400000000" />
<file name="excluiMsg.php" server="ftp.sofilosofia.com.br//public_html/" local="128715869083246470" remote="128715980400000000" />
<file name="indexAtendente.php" server="ftp.sofilosofia.com.br//public_html/" local="128715869083422240" remote="128715980400000000" />
<file name="indexCliente.php" server="ftp.sofilosofia.com.br//public_html/" local="128715869083607775" remote="128715980400000000" />
<file name="logout.php" server="ftp.sofilosofia.com.br//public_html/" local="128715869083773780" remote="128715980400000000" />
<file name="novaMsg.php" server="ftp.sofilosofia.com.br//public_html/" local="128715869083949550" remote="128715980400000000" />
<file name="novaMsg2.php" server="ftp.sofilosofia.com.br//public_html/" local="128715869084115555" remote="128715980400000000" />
<file name="bibliotecaAjax.js" server="ftp.soturismo.com.br//public_html/siteNutricao/" local="128715905100000000" remote="130120716600000000" />
<file name="chat.js" server="ftp.soturismo.com.br//public_html/siteNutricao/" local="128715905100000000" remote="130120716600000000" />
<file name="chat.sql" server="ftp.soturismo.com.br//public_html/siteNutricao/" local="128715905100000000" remote="130120716600000000" />
<file name="chat2.js" server="ftp.soturismo.com.br//public_html/siteNutricao/" local="128715905100000000" remote="130120716600000000" />
<file name="checaMsg.php" server="ftp.soturismo.com.br//public_html/siteNutricao/" local="128715905100000000" remote="130120716600000000" />
<file name="checaMsg2.php" server="ftp.soturismo.com.br//public_html/siteNutricao/" local="128715905100000000" remote="130120716600000000" />
<file name="conecta.php" server="ftp.soturismo.com.br//public_html/siteNutricao/" local="130123257562170543" remote="130123257000000000" />
<file name="excluiMsg.php" server="ftp.soturismo.com.br//public_html/siteNutricao/" local="128715905100000000" remote="130120716600000000" />
<file name="indexAtendente.php" server="ftp.soturismo.com.br//public_html/siteNutricao/" local="130123280842233258" remote="130123280400000000" />
<file name="indexCliente.php" server="ftp.soturismo.com.br//public_html/siteNutricao/" local="128715905100000000" remote="130120716600000000" />
<file name="logout.php" server="ftp.soturismo.com.br//public_html/siteNutricao/" local="128715905100000000" remote="130120716600000000" />
<file name="novaMsg.php" server="ftp.soturismo.com.br//public_html/siteNutricao/" local="130123280353416888" remote="130123279800000000" />
<file name="novaMsg2.php" server="ftp.soturismo.com.br//public_html/siteNutricao/" local="130123280232155118" remote="130123279800000000" />
</dwsync>