<?xml version="1.0" encoding="utf-8" ?>
<dwsync>
<file name="bibliotecaAjax.js" server="ftp.sofilosofia.com.br//public_html/" local="128715869104993125" remote="128715983400000000" />
<file name="conecta.php" server="ftp.sofilosofia.com.br//public_html/" local="128715869105207955" remote="128715983400000000" />
<file name="estilos.css" server="ftp.sofilosofia.com.br//public_html/" local="128715869105579025" remote="128715983400000000" />
<file name="index.php" server="ftp.sofilosofia.com.br//public_html/" local="128715869105823150" remote="128715983400000000" />
<file name="sugestoes.js" server="ftp.sofilosofia.com.br//public_html/" local="128715869106047745" remote="128715983400000000" />
<file name="sugestoes.php" server="ftp.sofilosofia.com.br//public_html/" local="128715869106272340" remote="128715983400000000" />
<file name="tabela.sql" server="ftp.sofilosofia.com.br//public_html/" local="128715869106506700" remote="128715983400000000" />
<file name="bibliotecaAjax.js" server="ftp.soturismo.com.br//public_html/siteNutricao/" local="128715905120000000" remote="130120717200000000" />
<file name="conecta.php" server="ftp.soturismo.com.br//public_html/siteNutricao/" local="130123301720701638" remote="130123301400000000" />
<file name="estilos.css" server="ftp.soturismo.com.br//public_html/siteNutricao/" local="128715905120000000" remote="130120717200000000" />
<file name="index.php" server="ftp.soturismo.com.br//public_html/siteNutricao/" local="128715905120000000" remote="130120717200000000" />
<file name="sugestoes.js" server="ftp.soturismo.com.br//public_html/siteNutricao/" local="128715905120000000" remote="130120717200000000" />
<file name="sugestoes.php" server="ftp.soturismo.com.br//public_html/siteNutricao/" local="130123363300461453" remote="130123363200000000" />
<file name="tabela.sql" server="ftp.soturismo.com.br//public_html/siteNutricao/" local="128715905120000000" remote="130120717200000000" />
</dwsync>