<?xml version="1.0" encoding="utf-8" ?>
<dwsync>
<file name="create.sql" server="ftp.soturismo.com.br//public_html/siteNutricao/" local="128502394080000000" remote="130124292000000000" Dst="-1" />
<file name="goleadores.php" server="ftp.soturismo.com.br//public_html/siteNutricao/" local="128503371080000000" remote="130124292000000000" Dst="-1" />
<file name="jogos.php" server="ftp.soturismo.com.br//public_html/siteNutricao/" local="130136235396647410" remote="130137093600000000" Dst="-1" />
<file name="lista_goleadores.inc" server="ftp.soturismo.com.br//public_html/siteNutricao/" local="130136255601028075" remote="130136255400000000" Dst="-1" />
<file name="lista_jogos.inc" server="ftp.soturismo.com.br//public_html/siteNutricao/" local="130137093418281412" remote="130137093000000000" Dst="-1" />
<file name="testePDO.php" server="ftp.soturismo.com.br//public_html/siteNutricao/" local="130136444836601770" remote="130136444400000000" Dst="-1" />
<file name="create.sql" server="ftp.niederauer.hospedagemdesites.ws/public_html/" local="130137101100000000" remote="131353628400000000" Dst="1" />
<file name="goleadores.php" server="ftp.niederauer.hospedagemdesites.ws/public_html/" local="128503371080000000" remote="131353628400000000" Dst="1" />
<file name="jogos.php" server="ftp.niederauer.hospedagemdesites.ws/public_html/" local="131370961850781639" remote="131370961800000000" Dst="1" />
<file name="lista_goleadores.inc" server="ftp.niederauer.hospedagemdesites.ws/public_html/" local="131370964775433583" remote="131370964800000000" Dst="1" />
<file name="lista_jogos.inc" server="ftp.niederauer.hospedagemdesites.ws/public_html/" local="131370960872863573" remote="131370960600000000" Dst="1" />
<file name="testePDO.php" server="ftp.niederauer.hospedagemdesites.ws/public_html/" local="131370964355865902" remote="131370964200000000" Dst="1" />
</dwsync>